Account,M2M
GALAXY,-165915.88049999997
NEPTUNE,-37626.794999999984
