Account,M2M
GALAXY,930499.0800000001
NEPTUNE,410583.66000000003
