Account,M2M
GALAXY,-228618.09999999998
NEPTUNE,18024.600000000006
