Account,M2M
GALAXY,398643.13499999995
NEPTUNE,624403.0260000001
