Account,M2M
GALAXY,-50283863.230500005
NEPTUNE,225820.46000000002
