Account,M2M
GALAXY,1404475.5605000001
NEPTUNE,1328140.2395000001
