Account,M2M
GALAXY,25124.313000000024
NEPTUNE,-414962.03949999996
