Account,M2M
GALAXY,-3238.436000000009
NEPTUNE,-3957.8699999999953
